{
"A00": [0.0, 0.0, 94.509803921568633],
"B00": [0.0, 0.0, 89.019607843137251],
"B01": [0.0, 7.0588235294117645, 94.117647058823536],
"B02": [5.625, 8.235294117647058, 94.509803921568633],
"B03": [9.84375, 9.4117647058823533, 94.901960784313729],
"B04": [15.46875, 10.980392156862745, 95.294117647058826],
"B05": [18.28125, 12.549019607843137, 95.686274509803923],
"B06": [23.90625, 14.509803921568627, 95.686274509803923],
"B07": [29.53125, 16.078431372549019, 95.686274509803923],
"B08": [35.15625, 17.254901960784313, 94.901960784313729],
"B09": [40.78125, 31.372549019607842, 97.647058823529406],
"B10": [47.8125, 43.529411764705884, 97.254901960784309],
"B11": [52.03125, 42.745098039215684, 94.901960784313729],
"B12": [56.25, 41.176470588235297, 92.549019607843135],
"B13": [63.28125, 40.0, 91.764705882352942],
"B14": [71.71875, 27.058823529411764, 91.764705882352942],
"B15": [88.59375, 13.333333333333334, 90.980392156862749],
"B16": [108.28125, 11.372549019607844, 91.372549019607845],
"B17": [132.1875, 11.764705882352942, 91.764705882352942],
"B18": [143.4375, 12.549019607843137, 91.764705882352942],
"B19": [150.46875, 13.333333333333334, 91.764705882352942],
"B20": [157.5, 13.725490196078431, 91.764705882352942],
"B21": [161.71875, 14.509803921568627, 91.764705882352942],
"B22": [165.9375, 14.509803921568627, 91.764705882352942],
"B23": [171.5625, 13.725490196078431, 91.764705882352942],
"B24": [178.59375, 12.941176470588236, 91.372549019607845],
"B25": [184.21875, 12.549019607843137, 92.156862745098039],
"B26": [189.84375, 11.764705882352942, 92.549019607843135],
"B27": [194.0625, 10.588235294117647, 92.941176470588232],
"B28": [199.6875, 9.4117647058823533, 92.941176470588232],
"B29": [206.71875, 7.8431372549019605, 92.941176470588232],
"B30": [210.9375, 7.0588235294117645, 92.941176470588232],
"B31": [225.0, 5.0980392156862742, 92.941176470588232],
"B32": [244.6875, 3.9215686274509802, 92.549019607843135],
"B33": [254.53125, 4.3137254901960782, 92.549019607843135],
"B34": [268.59375, 3.9215686274509802, 92.156862745098039],
"B35": [305.15625, 3.5294117647058822, 91.372549019607845],
"B36": [319.21875, 4.3137254901960782, 92.156862745098039],
"B37": [333.28125, 4.7058823529411766, 92.549019607843135],
"B38": [340.3125, 5.882352941176471, 92.941176470588232],
"B39": [347.34375, 6.666666666666667, 93.725490196078425],
"B40": [354.375, 6.666666666666667, 93.725490196078425],
"C00": [0.0, 0.0, 78.431372549019613],
"C01": [0.0, 26.666666666666668, 98.039215686274517],
"C02": [4.21875, 29.411764705882351, 98.82352941176471],
"C03": [9.84375, 32.941176470588232, 99.215686274509807],
"C04": [14.0625, 36.470588235294116, 99.215686274509807],
"C05": [19.6875, 39.607843137254903, 98.431372549019613],
"C06": [25.3125, 41.96078431372549, 96.862745098039213],
"C07": [30.9375, 55.686274509803923, 99.607843137254903],
"C08": [37.96875, 73.725490196078425, 100.0],
"C09": [45.0, 100.0, 97.254901960784309],
"C10": [50.625, 100.0, 91.372549019607845],
"C11": [53.4375, 100.0, 87.058823529411768],
"C12": [57.65625, 100.0, 83.137254901960787],
"C13": [63.28125, 100.0, 82.352941176470594],
"C14": [71.71875, 68.235294117647058, 83.529411764705884],
"C15": [88.59375, 57.647058823529413, 85.490196078431367],
"C16": [111.09375, 38.03921568627451, 85.490196078431367],
"C17": [137.8125, 43.921568627450981, 86.274509803921575],
"C18": [149.0625, 38.03921568627451, 85.098039215686271],
"C19": [156.09375, 40.392156862745097, 85.098039215686271],
"C20": [161.71875, 42.352941176470587, 85.098039215686271],
"C21": [164.53125, 43.529411764705884, 85.098039215686271],
"C22": [168.75, 29.019607843137255, 83.137254901960787],
"C23": [174.375, 28.627450980392158, 82.745098039215691],
"C24": [180.0, 29.019607843137255, 83.137254901960787],
"C25": [184.21875, 29.803921568627452, 84.705882352941174],
"C26": [191.25, 29.411764705882351, 86.666666666666671],
"C27": [194.0625, 27.058823529411764, 87.450980392156865],
"C28": [199.6875, 24.705882352941178, 88.235294117647058],
"C29": [205.3125, 33.725490196078432, 94.901960784313729],
"C30": [212.34375, 29.803921568627452, 95.686274509803923],
"C31": [226.40625, 14.901960784313726, 88.627450980392155],
"C32": [240.46875, 12.156862745098039, 88.235294117647058],
"C33": [255.9375, 11.764705882352942, 87.450980392156865],
"C34": [268.59375, 11.764705882352942, 86.666666666666671],
"C35": [299.53125, 16.078431372549019, 88.235294117647058],
"C36": [316.40625, 19.607843137254903, 90.980392156862749],
"C37": [329.0625, 21.96078431372549, 93.333333333333329],
"C38": [340.3125, 23.921568627450981, 95.294117647058826],
"C39": [345.9375, 25.490196078431371, 96.470588235294116],
"C40": [352.96875, 25.882352941176471, 97.254901960784309],
"D00": [0.0, 0.0, 67.843137254901961],
"D01": [355.78125, 36.862745098039213, 92.941176470588232],
"D02": [2.8125, 39.607843137254903, 93.725490196078425],
"D03": [8.4375, 51.372549019607845, 99.215686274509807],
"D04": [15.46875, 57.254901960784316, 98.431372549019613],
"D05": [21.09375, 61.568627450980394, 96.862745098039213],
"D06": [30.9375, 91.372549019607845, 100.0],
"D07": [37.96875, 100.0, 94.901960784313729],
"D08": [40.78125, 100.0, 89.803921568627445],
"D09": [45.0, 100.0, 85.098039215686271],
"D10": [49.21875, 100.0, 80.0],
"D11": [53.4375, 100.0, 75.686274509803923],
"D12": [57.65625, 100.0, 72.156862745098039],
"D13": [63.28125, 100.0, 71.764705882352942],
"D14": [70.3125, 100.0, 73.333333333333329],
"D15": [90.0, 63.137254901960787, 74.901960784313729],
"D16": [113.90625, 50.980392156862742, 76.078431372549019],
"D17": [143.4375, 66.274509803921575, 76.862745098039213],
"D18": [153.28125, 57.254901960784316, 75.686274509803923],
"D19": [158.90625, 62.352941176470587, 76.078431372549019],
"D20": [164.53125, 66.666666666666671, 76.078431372549019],
"D21": [168.75, 72.549019607843135, 76.078431372549019],
"D22": [172.96875, 78.431372549019613, 75.686274509803923],
"D23": [177.1875, 49.803921568627452, 73.725490196078425],
"D24": [181.40625, 50.980392156862742, 75.294117647058826],
"D25": [185.625, 51.372549019607845, 78.039215686274517],
"D26": [189.84375, 49.411764705882355, 80.392156862745097],
"D27": [195.46875, 45.882352941176471, 81.960784313725483],
"D28": [198.28125, 56.470588235294116, 88.627450980392155],
"D29": [205.3125, 47.450980392156865, 89.411764705882348],
"D30": [212.34375, 41.176470588235297, 90.196078431372555],
"D31": [226.40625, 24.705882352941178, 83.921568627450981],
"D32": [241.875, 20.0, 83.137254901960787],
"D33": [258.75, 20.392156862745097, 81.960784313725483],
"D34": [272.8125, 20.0, 80.392156862745097],
"D35": [298.125, 23.921568627450981, 81.17647058823529],
"D36": [313.59375, 28.235294117647058, 84.313725490196077],
"D37": [324.84375, 37.254901960784316, 91.764705882352942],
"D38": [336.09375, 40.0, 94.509803921568633],
"D39": [343.125, 35.294117647058826, 90.980392156862749],
"D40": [351.5625, 36.078431372549019, 92.156862745098039],
"E00": [0.0, 0.0, 57.647058823529413],
"E01": [352.96875, 54.509803921568626, 92.156862745098039],
"E02": [0.0, 55.294117647058826, 92.549019607843135],
"E03": [7.03125, 62.352941176470587, 92.549019607843135],
"E04": [16.875, 80.392156862745097, 95.686274509803923],
"E05": [26.71875, 100.0, 92.549019607843135],
"E06": [29.53125, 90.196078431372555, 85.882352941176464],
"E07": [36.5625, 100.0, 81.568627450980387],
"E08": [40.78125, 100.0, 77.254901960784309],
"E09": [45.0, 100.0, 72.941176470588232],
"E10": [49.21875, 100.0, 68.627450980392155],
"E11": [53.4375, 100.0, 64.705882352941174],
"E12": [57.65625, 100.0, 61.176470588235297],
"E13": [64.6875, 100.0, 61.176470588235297],
"E14": [71.71875, 100.0, 62.745098039215684],
"E15": [85.78125, 100.0, 65.098039215686271],
"E16": [122.34375, 73.333333333333329, 66.666666666666671],
"E17": [150.46875, 87.843137254901961, 66.274509803921575],
"E18": [161.71875, 100.0, 65.882352941176464],
"E19": [164.53125, 100.0, 65.882352941176464],
"E20": [168.75, 100.0, 65.490196078431367],